"akaid","aka_title"
11,"The Avengers"
12,"Avengers Assemble"
13,"The Titanic"
14,"Inception"
15,"The Dark Knight"
16,"The Avengers"
17,"Avengers Assemble"
18,"The Titanic"
19,"Inception"
20,"The Dark Knight"
21,"The Matrix"
22,"Pulp Fiction"
23,"The Godfather"
24,"Star Wars: A New Hope"
25,"Interstellar"
26,"The Lord of the Rings: The Return of the King"
27,"Gladiator"
28,"Jurassic Park"
29,"The Terminator"
30,"Mad Max: Fury Road"
31,"The Wolf of Wall Street"
32,"The Prestige"
33,"Shutter Island"
34,"The Revenant"
35,"Inglourious Basterds"
36,"The Social Network"
37,"Spider-Man: No Way Home"
38,"Guardians of the Galaxy"
39,"The Martian"
40,"Avatar"
41,"Fight Club"
42,"Goodfellas"
43,"The Dark Knight Rises"
44,"The Lion King"
45,"Frozen"
46,"The Pursuit of Happyness"
47,"The Godfather: Part II"
48,"The Shawshank Redemption"
49,"Star Wars: The Empire Strikes Back"
50,"Back to the Future"
51,"The Silence of the Lambs"
52,"Se7en"
53,"The Matrix Revolutions"
54,"Blade Runner 2049"
55,"The Hateful Eight"
56,"Jurassic World"
57,"The Bourne Identity"
58,"The Iron Giant"
59,"Ocean Eleven"
60,"The Incredibles"
61,"The Exorcist"
62,"Star Wars: Return of the Jedi"
63,"Pirates of the Caribbean: The Curse of the Black Pearl"
